{
  "type": "datasource",
  "name": "PV DataSource",
  "id": "csiro-pv-data-source",
  "metrics": true,
  "info": {
    "description": "Xinyu's first DataSource",
    "author": {
      "name": "Xinyu Wu",
      "url": ""
    },
    "keywords": [],
    "logos": {
      "small": "img/logo.svg",
      "large": "img/logo.svg"
    },
    "links": [
      {
        "name": "Website",
        "url": "https://github.com/grafana/simple-datasource"
      },
      {
        "name": "License",
        "url": "https://github.com/grafana/simple-datasource/blob/master/LICENSE"
      }
    ],
    "screenshots": [],
    "version": "1.2.0",
    "updated": "2021-05-25"
  },
  "dependencies": {
    "grafanaVersion": "6.5.x",
    "plugins": []
  },
  "routes": [
    {
      "headers": [
        {
          "name": "TOKEN",
          "content": "{{ .SecureJsonData.apiKey }}"
        }
      ]
    }
  ]
}
