{
  "type": "panel",
  "name": "XinyuPanel",
  "id": "csiro-xinyu-panel",
  "info": {
    "description": "Xinyu's first panel plugin",
    "author": {
      "name": "Xinyu Wu",
      "url": ""
    },
    "keywords": [
      "test"
    ],
    "logos": {
      "small": "img/logo.svg",
      "large": "img/logo.svg"
    },
    "links": [
      {
        "name": "Website",
        "url": "https://github.com/grafana/simple-react-panel"
      },
      {
        "name": "License",
        "url": "https://github.com/grafana/simple-react-panel/blob/master/LICENSE"
      }
    ],
    "screenshots": [],
    "version": "1.0.0",
    "updated": "2021-05-25"
  },
  "dependencies": {
    "grafanaVersion": "7.0.x",
    "plugins": []
  }
}