{
  "$schema": "https://raw.githubusercontent.com/grafana/grafana/master/docs/sources/developers/plugins/plugin.schema.json",
  "type": "datasource",
  "name": "monica-data-source",
  "id": "csiro-monica-data-source",
  "metrics": true,
  "info": {
    "description": "data source to fetch realtime and historical data from monica server using javascript interface",
    "author": {
      "name": "Xinyu Wu",
      "url": ""
    },
    "keywords": [],
    "logos": {
      "small": "img/logo.svg",
      "large": "img/logo.svg"
    },
    "links": [
      {
        "name": "Website",
        "url": "https://github.com/grafana/grafana-starter-datasource"
      },
      {
        "name": "License",
        "url": "https://github.com/grafana/grafana-starter-datasource/blob/master/LICENSE"
      }
    ],
    "screenshots": [],
    "version": "1.5.0",
    "updated": "2021-05-25"
  },
  "dependencies": {
    "grafanaDependency": ">=7.0.0",
    "plugins": []
  }
}