{
  "$schema": "https://raw.githubusercontent.com/grafana/grafana/master/docs/sources/developers/plugins/plugin.schema.json",
  "type": "datasource",
  "name": "omp-datasource",
  "id": "csiro-omp-datasource",
  "metrics": true,
  "info": {
    "description": "",
    "author": {
      "name": "Xinyu Wu",
      "url": ""
    },
    "keywords": [],
    "logos": {
      "small": "img/logo.svg",
      "large": "img/logo.svg"
    },
    "links": [
      {
        "name": "Website",
        "url": "https://github.com/grafana/grafana-starter-datasource"
      },
      {
        "name": "License",
        "url": "https://github.com/grafana/grafana-starter-datasource/blob/master/LICENSE"
      }
    ],
    "screenshots": [],
    "version": "1.0.0",
    "updated": "2021-05-25"
  },
  "dependencies": {
    "grafanaDependency": ">=7.0.0",
    "plugins": []
  },
  "routes": [
    {
      "headers": [
        {
          "name": "X-Security-Token",
          "content": "{{ .SecureJsonData.apiKey }}"
        }
      ]
    }
  ]
}
